,missing_count
date,0
sp500_open,0
sp500_high,0
sp500_low,0
sp500_close,0
sp500_volume,0
vix_close,0
treasury_10y,0
treasury_2y,0
sp500_return,0
vix_change,0
vix_pct_change,0
yield_spread_10y_2y,0
realized_volatility_5d,0
realized_volatility_10d,0
realized_volatility_21d,0
sp500_return_lag_1,0
sp500_return_lag_3,0
sp500_return_rolling_mean_5,0
yield_spread_change_5d,0
vix_x_realized_vol_5d,0
future_5d_realized_volatility,0
sp500_return_iqr_outlier,0
realized_volatility_iqr_outlier,0
high_vix_regime,0
high_realized_vol_regime,0
large_abs_return_flag,0
